,0
0,AOS
1,ABT
2,ABBV
3,ACN
4,ADM
5,ADBE
6,ADP
7,AES
8,AFL
9,A
10,ABNB
11,APD
12,AKAM
13,ALK
14,ALB
15,ARE
16,ALGN
17,ALLE
18,LNT
19,ALL
20,GOOGL
21,GOOG
22,MO
23,AMZN
24,AMCR
25,AMD
26,AEE
27,AAL
28,AEP
29,AXP
30,AIG
31,AMT
32,AWK
33,AMP
34,AME
35,AMGN
36,APH
37,ADI
38,ANSS
39,AON
40,APA
41,AAPL
42,AMAT
43,APTV
44,ACGL
45,ANET
46,AJG
47,AIZ
48,T
49,ATO
50,ADSK
51,AZO
52,AVB
53,AVY
54,AXON
55,BKR
56,BALL
57,BAC
58,BBWI
59,BAX
60,BDX
61,WRB
62,BRK.B
63,BBY
64,BIO
65,TECH
66,BIIB
67,BLK
68,BX
69,BK
70,BA
71,BKNG
72,BWA
73,BXP
74,BSX
75,BMY
76,AVGO
77,BR
78,BRO
79,BF.B
80,BG
81,CHRW
82,CDNS
83,CZR
84,CPT
85,CPB
86,COF
87,CAH
88,KMX
89,CCL
90,CARR
91,CTLT
92,CAT
93,CBOE
94,CBRE
95,CDW
96,CE
97,COR
98,CNC
99,CNP
100,CDAY
101,CF
102,CRL
103,SCHW
104,CHTR
105,CVX
106,CMG
107,CB
108,CHD
109,CI
110,CINF
111,CTAS
112,CSCO
113,C
114,CFG
115,CLX
116,CME
117,CMS
118,KO
119,CTSH
120,CL
121,CMCSA
122,CMA
123,CAG
124,COP
125,ED
126,STZ
127,CEG
128,COO
129,CPRT
130,GLW
131,CTVA
132,CSGP
133,COST
134,CTRA
135,CCI
136,CSX
137,CMI
138,CVS
139,DHI
140,DHR
141,DRI
142,DVA
143,DE
144,DAL
145,XRAY
146,DVN
147,DXCM
148,FANG
149,DLR
150,DFS
151,DIS
152,DG
153,DLTR
154,D
155,DPZ
156,DOV
157,DOW
158,DTE
159,DUK
160,DD
161,EMN
162,ETN
163,EBAY
164,ECL
165,EIX
166,EW
167,EA
168,ELV
169,LLY
170,EMR
171,ENPH
172,ETR
173,EOG
174,EPAM
175,EQT
176,EFX
177,EQIX
178,EQR
179,ESS
180,EL
181,ETSY
182,EG
183,EVRG
184,ES
185,EXC
186,EXPE
187,EXPD
188,EXR
189,XOM
190,FFIV
191,FDS
192,FICO
193,FAST
194,FRT
195,FDX
196,FITB
197,FSLR
198,FE
199,FIS
200,FI
201,FLT
202,FMC
203,F
204,FTNT
205,FTV
206,FOXA
207,FOX
208,BEN
209,FCX
210,GRMN
211,IT
212,GEHC
213,GEN
214,GNRC
215,GD
216,GE
217,GIS
218,GM
219,GPC
220,GILD
221,GL
222,GPN
223,GS
224,HAL
225,HIG
226,HAS
227,HCA
228,PEAK
229,HSIC
230,HSY
231,HES
232,HPE
233,HLT
234,HOLX
235,HD
236,HON
237,HRL
238,HST
239,HWM
240,HPQ
241,HUBB
242,HUM
243,HBAN
244,HII
245,IBM
246,IEX
247,IDXX
248,ITW
249,ILMN
250,INCY
251,IR
252,PODD
253,INTC
254,ICE
255,IFF
256,IP
257,IPG
258,INTU
259,ISRG
260,IVZ
261,INVH
262,IQV
263,IRM
264,JBHT
265,JKHY
266,J
267,JNJ
268,JCI
269,JPM
270,JNPR
271,K
272,KVUE
273,KDP
274,KEY
275,KEYS
276,KMB
277,KIM
278,KMI
279,KLAC
280,KHC
281,KR
282,LHX
283,LH
284,LRCX
285,LW
286,LVS
287,LDOS
288,LEN
289,LIN
290,LYV
291,LKQ
292,LMT
293,L
294,LOW
295,LULU
296,LYB
297,MTB
298,MRO
299,MPC
300,MKTX
301,MAR
302,MMC
303,MLM
304,MAS
305,MA
306,MTCH
307,MKC
308,MCD
309,MCK
310,MDT
311,MRK
312,META
313,MET
314,MTD
315,MGM
316,MCHP
317,MU
318,MSFT
319,MAA
320,MRNA
321,MHK
322,MOH
323,TAP
324,MDLZ
325,MPWR
326,MNST
327,MCO
328,MS
329,MOS
330,MSI
331,MSCI
332,NDAQ
333,NTAP
334,NFLX
335,NEM
336,NWSA
337,NWS
338,NEE
339,NKE
340,NI
341,NDSN
342,NSC
343,NTRS
344,NOC
345,NCLH
346,NRG
347,NUE
348,NVDA
349,NVR
350,NXPI
351,ORLY
352,OXY
353,ODFL
354,OMC
355,ON
356,OKE
357,ORCL
358,OTIS
359,PCAR
360,PKG
361,PANW
362,PARA
363,PH
364,PAYX
365,PAYC
366,PYPL
367,PNR
368,PEP
369,PFE
370,PCG
371,PM
372,PSX
373,PNW
374,PXD
375,PNC
376,POOL
377,PPG
378,PPL
379,PFG
380,PG
381,PGR
382,PLD
383,PRU
384,PEG
385,PTC
386,PSA
387,PHM
388,QRVO
389,PWR
390,QCOM
391,DGX
392,RL
393,RJF
394,RTX
395,O
396,REG
397,REGN
398,RF
399,RSG
400,RMD
401,RVTY
402,RHI
403,ROK
404,ROL
405,ROP
406,ROST
407,RCL
408,SPGI
409,CRM
410,SBAC
411,SLB
412,STX
413,SEE
414,SRE
415,NOW
416,SHW
417,SPG
418,SWKS
419,SJM
420,SNA
421,SEDG
422,SO
423,LUV
424,SWK
425,SBUX
426,STT
427,STLD
428,STE
429,SYK
430,SYF
431,SNPS
432,SYY
433,TMUS
434,TROW
435,TTWO
436,TPR
437,TRGP
438,TGT
439,TEL
440,TDY
441,TFX
442,TER
443,TSLA
444,TXN
445,TXT
446,TMO
447,TJX
448,TSCO
449,TT
450,TDG
451,TRV
452,TRMB
453,TFC
454,TYL
455,TSN
456,USB
457,UDR
458,ULTA
459,UNP
460,UAL
461,UPS
462,URI
463,UNH
464,UHS
465,VLO
466,VTR
467,VLTO
468,VRSN
469,VRSK
470,VZ
471,VRTX
472,VFC
473,VTRS
474,VICI
475,V
476,VMC
477,WAB
478,WBA
479,WMT
480,WBD
481,WM
482,WAT
483,WEC
484,WFC
485,WELL
486,WST
487,WDC
488,WRK
489,WY
490,WHR
491,WMB
492,WTW
493,GWW
494,WYNN
495,XEL
496,XYL
497,YUM
498,ZBRA
499,ZBH
500,ZION
501,ZTS
